Product Price,Product Name
£274.95,Control Freak 3 Amp Dynamic Frequency Fan Speed...
£119.95,Euro Reflector - Adjusta-Watt Variable - Sol-Di...
£37.95,Powerstar 4 Light (3kw) Contactor Switch
£134.95,Lifting Pump for Opticlimate Condensation Wate...
£109.95,Gavita Hortistar 1000 DE Reflector - Compatible...
£34.95,Clear Cut Multi-Purpose Lubricant Spray
£42.95,Jumbo Fortefog 'p' Fumer - 100g
£28.95,Crop Guard - Bud Buddy BR 250Mls
£19.95,Circular Air Diffuser with Damper
£285.00,Soler and Palau Acoustic Box Fan
£15.00,Hydrotops - Head Start
£15.00,Hydrotops - Solo Bloom (Soil)
£274.95,Control Freak 3 Amp Dynamic Frequency Fan Speed...
£119.95,Euro Reflector - Adjusta-Watt Variable - Sol-Di...
£37.95,Powerstar 4 Light (3kw) Contactor Switch
£134.95,Lifting Pump for Opticlimate Condensation Wate...
£109.95,Gavita Hortistar 1000 DE Reflector - Compatible...
£34.95,Clear Cut Multi-Purpose Lubricant Spray
£42.95,Jumbo Fortefog 'p' Fumer - 100g
£28.95,Crop Guard - Bud Buddy BR 250Mls
£19.95,Circular Air Diffuser with Damper
£285.00,Soler and Palau Acoustic Box Fan
£15.00,Hydrotops - Head Start
£15.00,Hydrotops - Solo Bloom (Soil)
£274.95,Control Freak 3 Amp Dynamic Frequency Fan Speed...
£119.95,Euro Reflector - Adjusta-Watt Variable - Sol-Di...
£37.95,Powerstar 4 Light (3kw) Contactor Switch
£134.95,Lifting Pump for Opticlimate Condensation Wate...
£109.95,Gavita Hortistar 1000 DE Reflector - Compatible...
£34.95,Clear Cut Multi-Purpose Lubricant Spray
£42.95,Jumbo Fortefog 'p' Fumer - 100g
£28.95,Crop Guard - Bud Buddy BR 250Mls
£19.95,Circular Air Diffuser with Damper
£285.00,Soler and Palau Acoustic Box Fan
£15.00,Hydrotops - Head Start
£15.00,Hydrotops - Solo Bloom (Soil)
£274.95,Control Freak 3 Amp Dynamic Frequency Fan Speed...
£119.95,Euro Reflector - Adjusta-Watt Variable - Sol-Di...
£37.95,Powerstar 4 Light (3kw) Contactor Switch
£134.95,Lifting Pump for Opticlimate Condensation Wate...
£109.95,Gavita Hortistar 1000 DE Reflector - Compatible...
£34.95,Clear Cut Multi-Purpose Lubricant Spray
£42.95,Jumbo Fortefog 'p' Fumer - 100g
£28.95,Crop Guard - Bud Buddy BR 250Mls
£19.95,Circular Air Diffuser with Damper
£285.00,Soler and Palau Acoustic Box Fan
£15.00,Hydrotops - Head Start
£15.00,Hydrotops - Solo Bloom (Soil)
